date,FCNTX,TRBCX,DODGX,PRDGX,SPY,IWF,IWD,VIG,IWM
2015-12-31,5.12025690078735,49.1604614257812,4.89055871963501,24.5866603851318,171.448532104492,22.7080783843994,77.81591796875,63.4346504211426,98.2619323730469
2016-01-31,4.82789325714111,44.8815078735352,4.55495595932007,23.6057777404785,162.912689208984,21.4183654785156,73.7048873901367,61.9825630187988,89.83349609375
2016-02-29,4.7700138092041,44.0800514221191,4.52370882034302,23.6702156066895,162.778121948242,21.4183654785156,73.7048873901367,62.6841506958008,89.6328048706055
2016-03-31,5.03680992126465,46.4640426635742,4.84103918075562,25.13157081604,173.727584838867,22.8606624603271,79.0566177368164,66.6185607910156,96.8154983520508
2016-04-30,5.04931497573853,46.389331817627,4.94360256195068,25.4115314483643,174.412246704102,22.6498889923096,80.7207946777344,66.3972091674805,98.4344940185547
2016-05-31,5.13373136520386,47.5983085632324,5.0566611289978,25.9068431854248,177.379257202148,23.0943603515625,81.9049224853516,67.0285339355469,100.639831542969
2016-06-30,5.05608987808228,46.3417854309082,4.92283010482788,26.2626934051514,177.995819091797,22.9935474395752,82.5930328369141,68.6208572387695,100.622314453125
2016-07-31,5.28276300430298,49.0517997741699,5.18629217147827,26.9685897827148,184.487533569336,24.0873508453369,84.9850006103516,70.1953964233398,106.533752441406
2016-08-31,5.29683113098145,49.0993347167969,5.29266357421875,26.9830055236816,184.70849609375,23.9631385803223,85.6369934082031,70.2036361694336,108.43440246582
2016-09-30,5.31975841522217,49.8260803222656,5.35564947128296,26.85373878479,184.719253540039,24.0343475341797,85.4380798339844,69.5148620605469,109.598846435547
2016-10-31,5.23065280914307,49.2691345214844,5.34170579910278,26.2756271362305,181.516738891602,23.4736938476562,84.1599884033203,68.1731185913086,104.560508728027
2016-11-30,5.26191711425781,49.6426963806152,5.8555793762207,27.0994472503662,188.203506469727,23.9882068634033,88.9083786010742,70.2023315429688,116.128356933594
2016-12-31,5.29094409942627,49.6432800292969,5.93063163757324,27.4493274688721,192.018753051758,24.2991981506348,91.2431640625,71.0233840942383,119.477981567383
2017-01-31,5.52201271057129,52.0567283630371,6.06578493118286,27.8627700805664,195.454849243164,25.0983619689941,91.7969818115234,72.2740325927734,119.814697265625
2017-02-28,5.73479461669922,54.0326194763184,6.24758434295654,28.7634716033936,203.13459777832,26.1222171783447,95.0059204101562,75.4008331298828,122.127151489258
2017-03-31,5.8240385055542,54.8120307922363,6.22623634338379,28.8224658966064,203.388488769531,26.4382038116455,94.0882797241211,75.3464279174805,122.158920288086
2017-04-30,5.98846101760864,56.8631248474121,6.25145959854126,29.2664489746094,205.407348632812,27.0259742736816,93.9082107543945,76.6449432373047,123.562828063965
2017-05-31,6.20372486114502,58.8937110900879,6.24621486663818,29.8436279296875,208.306228637695,27.7252597808838,93.7526626586914,77.8512954711914,121.128227233887
2017-06-30,6.17884588241577,59.2492218017578,6.33542537689209,30.0363292694092,209.634170532227,27.6509189605713,95.3079681396484,78.0651016235352,125.215560913086
2017-07-31,6.39735460281372,61.9019660949707,6.44984149932861,30.3928375244141,213.943023681641,28.37473487854,96.5293807983398,78.6379241943359,126.282981872559
2017-08-31,6.50012016296387,62.7429161071777,6.38182353973389,30.4968299865723,214.567230224609,28.8900051116943,95.3680572509766,78.3515167236328,124.69457244873
2017-09-30,6.55528783798218,63.3514137268066,6.63704776763916,30.95046043396,218.890625,29.2443866729736,98.1568756103516,80.2147979736328,132.555435180664
2017-10-31,6.86520338058472,66.3049926757812,6.67841148376465,31.6657238006592,224.048675537109,30.3902187347412,98.8857574462891,81.898796081543,133.521514892578
2017-11-30,6.97445774078369,67.7817764282227,6.85184955596924,32.7088394165039,230.896865844727,31.2858333587646,101.900604248047,85.5714569091797,137.448638916016
2017-12-31,6.99944734573364,67.7817764282227,7.01785945892334,32.7536430358887,233.697113037109,31.5770816802979,103.513450622559,86.8042526245117,136.900955200195
2018-01-31,7.64869737625122,75.0307846069336,7.41767835617065,34.3090209960938,246.8681640625,33.7716331481934,107.426208496094,91.1601791381836,140.402954101562
2018-02-28,7.47510004043579,73.9188003540039,7.12887239456177,33.0481071472168,237.891906738281,32.8924026489258,102.231399536133,87.48486328125,135.006271362305
2018-03-31,7.2121958732605,71.6455764770508,6.89777708053589,32.511905670166,231.371200561523,31.9987602233887,100.422698974609,86.3169937133789,136.649978637695
2018-04-30,7.29867029190063,72.9053421020508,6.94710397720337,32.5951881408691,232.567001342773,32.0834121704102,100.740776062012,85.5140228271484,137.990966796875
2018-05-31,7.5946569442749,75.3967514038086,6.98456144332886,32.8980445861816,238.220458984375,33.4894866943359,101.335151672363,87.0259552001953,146.496215820312
2018-06-30,7.66488075256348,75.7345733642578,7.08807754516602,33.2843475341797,239.590438842773,33.8116188049316,101.611419677734,87.2892761230469,147.396224975586
2018-07-31,7.81345462799072,77.3603210449219,7.41353797912598,34.5683097839355,248.466400146484,34.7869071960449,105.532508850098,91.3780059814453,149.826919555664
2018-08-31,8.16573619842529,80.3443756103516,7.53573322296143,35.3812522888184,256.397430419922,36.6735229492188,107.031448364258,93.9377670288086,156.285354614258
2018-09-30,8.17734241485596,80.6047973632812,7.54790687561035,35.6771049499512,257.921875,36.8876266479492,107.289016723633,95.5158920288086,152.651657104492
2018-10-31,7.38224315643311,73.2079772949219,7.1058874130249,33.92724609375,240.098434448242,33.6004295349121,101.755928039551,89.4415588378906,135.878570556641
2018-11-30,7.43447494506836,75.5093612670898,7.30418825149536,35.2797508239746,244.551956176758,33.8936805725098,104.628379821777,93.1431045532227,138.224243164062
2018-12-31,6.83670902252197,69.1396102905273,6.51614189147949,32.4060478210449,223.019561767578,31.0496845245361,94.77001953125,84.9965591430664,121.67586517334
2019-01-31,7.48250102996826,76.8217849731445,7.07082891464233,34.6175003051758,240.875762939453,33.8010177612305,102.006858825684,90.3679580688477,135.451873779297
2019-02-28,7.66178274154663,79.0249176025391,7.20204782485962,35.9146957397461,248.683929443359,35.0154037475586,105.266807556152,94.5071640014648,142.467071533203
2019-03-31,7.83093023300171,80.3136978149414,7.18941068649292,36.6188316345215,253.185272216797,36.0024566650391,105.952095031738,95.5885543823242,139.484817504883
2019-04-30,8.21308135986328,83.5031967163086,7.52797651290894,37.9045257568359,263.528472900391,37.6008834838867,109.607078552246,99.1456680297852,144.222702026367
2019-05-31,7.74322462081909,78.6217269897461,6.97116041183472,36.6188316345215,246.722991943359,35.2508316040039,102.588806152344,94.5510559082031,132.897369384766
2019-06-30,8.25693416595459,83.5607986450195,7.37565612792969,38.8537406921387,263.891540527344,37.5303497314453,109.767654418945,100.81795501709,142.180053710938
2019-07-31,8.33211135864258,84.7631683349609,7.53214120864868,39.3493499755859,267.881469726562,38.4796943664551,110.820320129395,103.067893981934,143.149291992188
2019-08-31,8.18175983428955,83.3015975952148,7.15408039093018,39.396556854248,263.396209716797,38.1481437683105,107.489814758301,103.67195892334,136.090545654297
2019-09-30,8.0564603805542,82.1928405761719,7.39101934432983,39.8057670593262,268.521331787109,38.1783905029297,111.372024536133,105.171928405762,138.862808227539
2019-10-31,8.28199291229248,83.7551879882812,7.56449508666992,40.0977058410645,274.456970214844,39.2570381164551,112.943687438965,105.198310852051,142.63395690918
2019-11-30,8.63908386230469,87.9310684204102,7.86936950683594,41.3759002685547,284.391693115234,41.0005645751953,116.42569732666,107.775276184082,148.432922363281
2019-12-31,8.88757705688477,89.8621292114258,8.13802623748779,42.4591789245605,292.654937744141,42.1845664978027,119.527008056641,110.171455383301,152.569046020508
2020-01-31,9.07557201385498,92.0662231445312,7.87298393249512,42.5308456420898,292.536743164062,43.1389389038086,116.9697265625,110.798934936523,147.835494995117
2020-02-29,8.53616333007812,86.4439849853516,7.17456436157227,39.0828132629395,269.377777099609,40.278190612793,106.10124206543,101.554641723633,134.758407592773
2020-03-31,7.67471790313721,78.0467300415039,5.77193212509155,34.5343704223633,235.740264892578,36.2321701049805,87.5998077392578,91.8147354125977,105.816230773926
2020-04-30,8.79068279266357,89.7465133666992,6.58568906784058,37.8176651000977,265.67529296875,41.5545539855957,97.3949508666992,100.881652832031,120.469276428223
2020-05-31,9.35845565795898,95.8529434204102,6.80189514160156,39.7748489379883,278.33349609375,44.3299827575684,100.795440673828,104.51375579834,128.410614013672
2020-06-30,9.73696899414062,99.748046875,6.92816209793091,40.0313835144043,283.269683837891,46.2556991577148,100.080726623535,104.609909057617,132.814956665039
2020-07-31,10.435263633728,107.494911193848,7.10447406768799,42.2593460083008,299.952056884766,49.853515625,104.088600158691,109.814491271973,136.692413330078
2020-08-31,11.4402875900269,117.489227294922,7.46447706222534,44.2468872070312,320.887634277344,54.9236793518066,108.336380004883,116.581359863281,144.178176879883
2020-09-30,10.8855657577515,111.924789428711,7.22502088546753,43.2633666992188,308.872497558594,52.3720703125,105.622421264648,115.358039855957,139.476089477539
2020-10-31,10.539680480957,109.222061157227,7.08666849136353,42.2426681518555,301.171234130859,50.6069412231445,104.370674133301,112.739944458008,142.548873901367
2020-11-30,11.420708656311,118.146842956543,8.38428783416748,46.8318099975586,333.931671142578,55.8371543884277,118.381523132324,124.055183410645,168.555694580078
2020-12-31,11.7746992111206,121.068794250488,8.72844982147217,48.3701477050781,346.303314208984,58.3215141296387,122.79377746582,127.17488861084,183.129806518555
2021-01-31,11.6482410430908,119.44499206543,8.70893859863281,47.1127395629883,342.774322509766,57.8619918823242,121.635284423828,123.463317871094,192.003295898438
2021-02-28,11.831618309021,121.719779968262,9.53848743438721,48.3217926025391,352.305328369141,57.8450584411621,128.927642822266,125.409233093262,203.912445068359
2021-03-31,12.0760135650635,121.617378234863,10.1141414642334,50.7635688781738,368.299743652344,58.8680953979492,136.667190551758,132.972366333008,206.757049560547
2021-04-30,12.9242105484009,130.701934814453,10.6675882339478,53.566707611084,387.786590576172,62.9131011962891,142.07795715332,138.333587646484,210.453491210938
2021-05-31,12.9529619216919,128.580749511719,11.0295639038086,54.1079521179199,390.332794189453,62.0411148071289,145.306350708008,140.765563964844,211.024337768555
2021-06-30,13.484881401062,136.26091003418,11.0075464248657,54.4312286376953,399.087066650391,65.8337554931641,143.563781738281,140.573593139648,214.968338012695
2021-07-31,13.772406578064,139.757217407227,10.9363059997559,56.0907287597656,408.829742431641,68.0598983764648,144.785629272461,145.050796508789,207.17073059082
2021-08-31,14.3977699279785,145.147979736328,11.2648611068726,57.3616333007812,420.996398925781,70.543083190918,147.609497070312,147.475540161133,211.734939575195
2021-09-30,13.5351972579956,136.838760375977,10.8643045425415,54.751522064209,401.375823974609,66.5606842041016,142.375335693359,140.112030029297,205.636260986328
2021-10-31,14.4768400192261,144.789566040039,11.3508787155151,58.3778305053711,429.537658691406,72.3802490234375,149.680114746094,149.826812744141,214.378723144531
2021-11-30,14.4624624252319,142.668365478516,10.899733543396,57.2583045959473,426.086334228516,72.8368988037109,144.340286254883,147.765243530273,205.090972900391
2021-12-31,14.6617250442505,142.299102783203,11.4969339370728,60.9601898193359,445.791931152344,74.3213958740234,153.431121826172,157.395614624023,209.749664306641
2022-01-31,13.4581527709961,126.982452392578,11.6398868560791,57.9233055114746,422.280334472656,67.8691101074219,149.794769287109,149.046997070312,189.750640869141
2022-02-28,12.8026542663574,120.972633361816,11.4382820129395,56.2525901794434,409.815826416016,65.0430908203125,147.994827270508,144.868133544922,191.711868286133
2022-03-31,13.2222852706909,124.629745483398,11.6131582260132,57.9884300231934,425.221008300781,67.6216812133789,152.297988891602,149.247543334961,193.930999755859
2022-04-30,11.6941995620728,105.760040283203,10.7404890060425,54.7970848083496,387.899688720703,59.3696212768555,143.535217285156,141.608505249023,174.733428955078
2022-05-31,11.5437669754028,102.11092376709,11.2144355773926,54.9125366210938,388.775329589844,58.0129508972168,146.379669189453,141.507263183594,175.073577880859
2022-06-30,10.5303211212158,93.4603042602539,10.170690536499,51.5456771850586,356.716766357422,53.3556861877441,133.561996459961,132.711074829102,160.426315307617
2022-07-31,11.4883432388306,105.215866088867,10.696964263916,55.4235916137695,389.565887451172,59.8135070800781,142.369674682617,141.729919433594,177.372589111328
2022-08-31,11.0291261672974,99.4701309204102,10.4319639205933,53.5797233581543,373.670806884766,57.0176467895508,138.159301757812,136.836639404297,173.820373535156
2022-09-30,10.1265277862549,89.0509796142578,9.43925285339355,49.4105415344238,339.126556396484,51.4688949584961,126.127197265625,125.64094543457,157.028579711914
2022-10-31,10.601580619812,91.1476058959961,10.518349647522,53.6068572998047,366.689178466797,54.4484214782715,138.879974365234,138.152938842773,174.557678222656
2022-11-30,11.1558065414429,94.772705078125,11.1809101104736,57.0153388977051,387.073944091797,56.9019927978516,147.459106445312,147.476501464844,178.404357910156
2022-12-31,10.5110626220703,87.4205780029297,10.6635484695435,54.7302284240723,364.767639160156,52.5404472351074,141.537963867188,141.971481323242,166.782852172852
2023-01-31,11.2761363983154,95.7563934326172,11.3699493408203,56.5574226379395,387.706909179688,56.9155464172363,148.817840576172,146.094573974609,183.158905029297
2023-02-28,11.0686264038086,94.0081558227539,10.9992294311523,55.0205421447754,377.958984375,56.2386817932129,143.572631835938,142.093002319336,180.002288818359
2023-03-31,11.7212772369385,101.76123046875,10.8230600357056,55.8077697753906,391.972778320312,60.0523872375488,142.851058959961,144.719253540039,171.276992797852
2023-04-30,12.1005220413208,104.092216491699,10.9470539093018,56.9379806518555,398.234527587891,60.6668472290039,145.074615478516,148.064529418945,168.20475769043
2023-05-31,12.4092082977295,111.102081298828,10.6880264282227,55.276927947998,400.072845458984,63.5105667114258,139.435989379883,144.005142211914,166.83186340332
2023-06-30,13.1588754653931,118.027481079102,11.4270648956299,58.4755172729492,425.997497558594,67.7349700927734,148.686126708984,153.370910644531,180.290725708008
2023-07-31,13.7056922912598,121.853355407715,11.9907636642456,60.0559349060059,439.941802978516,70.0635375976562,153.924026489258,156.97785949707,191.304397583008
2023-08-31,13.5733995437622,120.924339294434,11.7093954086304,58.7933158874512,432.791839599609,69.3915557861328,149.769515991211,154.003555297852,181.580795288086
2023-09-30,13.1412372589111,114.640800476074,11.4077072143555,56.4208717346191,412.262573242188,65.5984115600586,143.942001342773,147.442169189453,170.951766967773
2023-10-31,13.0177631378174,113.922912597656,11.0104818344116,55.654125213623,403.312927246094,64.6415252685547,138.822189331055,145.278671264648,159.131988525391
2023-11-30,14.0849370956421,126.295738220215,11.8346147537231,60.0306396484375,440.153076171875,71.7318649291992,149.317764282227,156.124725341797,173.776138305664
2023-12-31,14.6487760543823,130.619964599609,12.5283784866333,62.218635559082,460.248443603516,74.9166030883789,157.590957641602,162.577713012695,194.848495483398
2024-01-31,15.3589096069336,135.273101806641,12.5422878265381,62.7282600402832,467.578552246094,76.7427368164062,157.686340332031,164.57177734375,187.247207641602
2024-02-29,16.800313949585,145.891326904297,12.8802328109741,65.4960708618164,491.980010986328,81.8282928466797,163.322402954102,170.191390991211,197.780319213867
2024-03-31,17.2831840515137,148.970092773438,13.5933847427368,67.2553863525391,508.068695068359,83.3979873657227,171.556579589844,174.962509155273,204.676864624023
2024-04-30,16.4814357757568,143.101196289062,13.1334981918335,65.115119934082,487.583557128906,79.8819274902344,164.267532348633,167.738265991211,190.661865234375
2024-05-31,17.6202869415283,152.853515625,13.5775394439697,67.5812759399414,512.245422363281,84.6945419311523,169.688842773438,173.324127197266,200.267974853516
2024-06-30,18.4038143157959,163.113143920898,13.5947589874268,68.3212203979492,530.3173828125,90.2977981567383,167.778945922852,175.765228271484,198.016220092773
2024-07-31,18.1304893493652,159.404632568359,14.1928977966309,70.2992401123047,536.7392578125,88.7321701049805,176.356842041016,182.736145019531,218.482452392578
2024-08-31,18.8411331176758,163.043182373047,14.4749879837036,72.3302536010742,549.280456542969,90.5331268310547,181.097763061523,188.802001953125,214.793273925781
2024-09-30,19.2328968048096,167.425155639648,14.5681972503662,72.8236923217773,560.817810058594,93.129150390625,183.511215209961,191.505905151367,216.319442749023
2024-10-31,19.1691226959229,167.713806152344,14.5299558639526,70.7877883911133,555.813293457031,92.77685546875,181.461471557617,187.76399230957,213.254211425781
2024-11-30,20.1075344085693,177.754760742188,15.295877456665,74.6825790405273,588.958374023438,98.8352966308594,193.170196533203,197.906829833984,236.865325927734
2024-12-31,19.922477722168,177.068222045898,14.3275232315063,70.6072387695312,574.787963867188,99.730598449707,179.918716430664,190.194137573242,217.030487060547
2025-01-31,21.0024394989014,182.059143066406,15.2088136672974,73.6020278930664,590.224670410156,101.650314331055,188.091934204102,196.40022277832,222.452285766602
2025-02-28,20.6223564147949,175.604232788086,15.3325319290161,74.5574188232422,582.731872558594,97.9971466064453,188.89860534668,197.284042358398,210.83268737793
2025-03-31,19.1138687133789,160.869140625,14.8336009979248,72.2123565673828,550.262573242188,89.7710723876953,183.644317626953,189.315032958984,196.381988525391
2025-04-30,19.2666263580322,163.559478759766,14.3186979293823,71.1902160644531,545.491638183594,91.1881713867188,177.895706176758,186.426345825195,191.824127197266
2025-05-31,20.8610401153564,179.615982055664,14.864652633667,73.9435272216797,579.773010253906,99.3028335571289,184.093292236328,193.160049438477,201.875076293945
2025-06-30,22.274055480957,190.871673583984,15.4009199142456,76.0417022705078,609.565368652344,105.658058166504,190.408187866211,200.594528198242,213.015411376953
2025-07-31,22.9805603027344,197.792419433594,15.2224655151367,76.060173034668,623.604553222656,109.597412109375,191.574783325195,201.956848144531,216.569122314453
2025-08-31,23.0378437042236,199.066284179688,15.8488712310791,77.5926361083984,636.400695800781,110.88646697998,197.66259765625,206.720062255859,232.146224975586
2025-09-30,23.6393299102783,206.082092285156,15.8852567672729,79.0236892700195,659.069458007812,116.673530578613,200.476791381836,212.345825195312,239.526428222656
2025-10-31,23.8780155181885,212.137741088867,15.7871589660645,79.2272415161133,674.780029296875,120.950317382812,201.441818237305,213.595565795898,243.753479003906
2025-11-30,23.8589210510254,210.046310424805,15.9879217147827,81.188720703125,676.095886230469,118.676177978516,206.769073486328,219.116012573242,246.248123168945
2025-12-31,24.2577896118164,210.320007324219,16.2853183746338,81.0157699584961,676.635009765625,118.010765075684,208.123474121094,217.142044067383,244.501342773438
