ticker,window_months,benchmark,cagr,benchmark_cagr,active_cagr,volatility,sharpe,max_drawdown,tracking_error,information_ratio,beta,up_capture,down_capture,positive_active_months,observations
FCNTX,36,SPY,0.3215031434705678,0.22870055421704608,0.09280258925352172,0.13397312436549108,1.8194298520862535,-0.08992149629195456,0.05275969441403819,1.441164546688039,1.0303805310382135,1.2424748840822368,0.8377616726196823,0.6111111111111112,36
FCNTX,36,IWF,0.3215031434705678,0.30961192266817855,0.011891220802389246,0.13397312436549108,1.8194298520862535,-0.08992149629195456,0.05769466274641386,0.12458486843279591,0.8285607396132219,0.9266323591814551,0.7350236899643362,0.4722222222222222,36
FCNTX,36,IWD,0.3215031434705678,0.13714551039400968,0.18435763307655811,0.13397312436549108,1.8194298520862535,-0.08992149629195456,0.10767188749199616,1.4275649876942917,0.698763311894232,1.2311766215354727,0.21976830585032203,0.7222222222222222,36
FCNTX,36,VIG,0.3215031434705678,0.15216391509125377,0.16933922837931403,0.13397312436549108,1.8194298520862535,-0.08992149629195456,0.08579438953937725,1.6633715627402421,0.9696704332798161,1.4658856407594858,0.5613556048605487,0.7222222222222222,36
FCNTX,60,SPY,0.15552748698522542,0.14335096696754743,0.012176520017677994,0.16735426267228698,0.7728446615424319,-0.3093222144261978,0.05711637802153269,0.23280965873180795,1.034477574588148,1.0746064528594725,1.033364025638968,0.4666666666666667,60
FCNTX,60,IWF,0.15552748698522542,0.151379697233271,0.004147789751954428,0.16735426267228698,0.7728446615424319,-0.3093222144261978,0.05212192314693405,0.013334298362807423,0.8687041561884983,0.8872600467205962,0.8635868822227631,0.48333333333333334,60
FCNTX,60,IWD,0.15552748698522542,0.11129392804752582,0.044233558937699605,0.16735426267228698,0.7728446615424319,-0.3093222144261978,0.11527725773953447,0.370723473400648,0.8311523763695325,1.011618481602903,0.8140266650508158,0.5833333333333334,60
FCNTX,60,VIG,0.15552748698522542,0.11293169596129612,0.0425957910239293,0.16735426267228698,0.7728446615424319,-0.3093222144261978,0.0953425464843742,0.44796020753223015,0.9972885054895299,1.1669008932497513,0.9819209504843115,0.5666666666666667,60
FCNTX,120,SPY,0.16830422525472913,0.14715491280849816,0.021149312446230972,0.16350113970945085,0.9131576183752012,-0.3093222144261978,0.05522884211178475,0.3699442832668003,1.0179945105450616,1.0846045384735918,1.0064033541897812,0.5,120
FCNTX,120,IWF,0.16830422525472913,0.1791637623360172,-0.010859537081288062,0.16350113970945085,0.9131576183752012,-0.3093222144261978,0.041949248706957834,-0.26105079472251935,0.9159453916345887,0.9038049389692348,0.9166948761609578,0.4083333333333333,120
FCNTX,120,IWD,0.16830422525472913,0.10338039266777126,0.06492383258695787,0.16350113970945085,0.9131576183752012,-0.3093222144261978,0.10528910764941879,0.5615542378588149,0.8260544304000711,1.0575648241723725,0.7545679027184216,0.575,120
FCNTX,120,VIG,0.16830422525472913,0.1309456567843459,0.03735856847038324,0.16350113970945085,0.9131576183752012,-0.3093222144261978,0.08658021567410351,0.4300412775030221,1.0302945430533865,1.1634852070074135,1.0075049901441615,0.575,120
TRBCX,36,SPY,0.3399511677839883,0.22870055421704608,0.11125061356694224,0.1535700879016493,1.6960980797148344,-0.11639076227925116,0.06913758649832308,1.3437548682337526,1.158617845299751,1.3337538609981083,0.9008420265310256,0.6666666666666666,36
TRBCX,36,IWF,0.3399511677839883,0.30961192266817855,0.030339245115809765,0.1535700879016493,1.6960980797148344,-0.11639076227925116,0.028221150994369056,0.8524262289579709,1.0129701922143195,1.0497297920088713,0.9267441477739555,0.6111111111111112,36
TRBCX,36,IWD,0.3399511677839883,0.13714551039400968,0.20280565738997863,0.1535700879016493,1.6960980797148344,-0.11639076227925116,0.13647039792781887,1.2499207643858439,0.6555190279987901,1.1630330368600765,-0.03257540233382628,0.6111111111111112,36
TRBCX,36,VIG,0.3399511677839883,0.15216391509125377,0.18778725269273455,0.1535700879016493,1.6960980797148344,-0.11639076227925116,0.11317834701317729,1.4099562271865185,0.9788627727270189,1.4991933703242621,0.48222520751074077,0.6666666666666666,36
TRBCX,60,SPY,0.11678526248199994,0.14335096696754743,-0.026565704485547487,0.19570758440265654,0.5097108082051408,-0.3977141248418645,0.0874730994117255,-0.1827871358629453,1.1614398090577336,1.0647099970890026,1.1800241446143833,0.48333333333333334,60
TRBCX,60,IWF,0.11678526248199994,0.151379697233271,-0.03459443475127105,0.19570758440265654,0.5097108082051408,-0.3977141248418645,0.03967058646408583,-0.7207151457948144,1.0365595097626328,0.9306461033732221,1.0464792480483922,0.43333333333333335,60
TRBCX,60,IWD,0.11678526248199994,0.11129392804752582,0.005491334434474124,0.19570758440265654,0.5097108082051408,-0.3977141248418645,0.15174360705853293,0.08863492750900494,0.8408502201532758,0.894429936922838,0.8564109625896149,0.5166666666666667,60
TRBCX,60,VIG,0.11678526248199994,0.11293169596129612,0.003853566520703816,0.19570758440265654,0.5097108082051408,-0.3977141248418645,0.13262925793024916,0.10121043680374907,1.041891090123889,1.1175974915509599,1.1096305969919673,0.5166666666666667,60
TRBCX,120,SPY,0.15644894367528128,0.14715491280849816,0.009294030866783126,0.181669872688567,0.7823600160010203,-0.39771412484186464,0.07651048533040725,0.17338428399208722,1.0934598805360716,1.1115979645957779,1.089574171776009,0.49166666666666664,120
TRBCX,120,IWF,0.15644894367528128,0.1791637623360172,-0.022714818660735908,0.181669872688567,0.7823600160010203,-0.39771412484186464,0.04133718325140295,-0.4382679704270567,1.021193021483634,0.9567648050017957,1.0288988378448727,0.43333333333333335,120
TRBCX,120,IWD,0.15644894367528128,0.10338039266777126,0.053068551007510026,0.181669872688567,0.7823600160010203,-0.39771412484186464,0.1286644426192102,0.40383858080263835,0.8421512004001628,1.022420677977721,0.7672328125386951,0.5666666666666667,120
TRBCX,120,VIG,0.15644894367528128,0.1309456567843459,0.025503286890935395,0.181669872688567,0.7823600160010203,-0.39771412484186464,0.11146836161200613,0.26973741630683856,1.0665351693568703,1.1698812377956351,1.077471936054681,0.5333333333333333,120
DODGX,36,SPY,0.15159075231764008,0.22870055421704608,-0.077109801899406,0.12556151306855654,0.8174749176037929,-0.08175307739214444,0.07759225297162493,-0.8382260983196089,0.8395646110531544,0.7633084917067243,1.0491091681802385,0.4166666666666667,36
DODGX,36,IWF,0.15159075231764008,0.30961192266817855,-0.15802117035053848,0.12556151306855654,0.8174749176037929,-0.08175307739214444,0.13196996275501988,-1.0145291230614577,0.4615494397256668,0.4091150451969495,0.3861917206763829,0.4166666666666667,36
DODGX,36,IWD,0.15159075231764008,0.13714551039400968,0.014445241923630392,0.12556151306855654,0.8174749176037929,-0.08175307739214444,0.03207815716276721,0.3938307343090153,0.961460754876144,0.9767043955256831,0.8831394754808628,0.6111111111111112,36
DODGX,36,VIG,0.15159075231764008,0.15216391509125377,-0.0005731627736136891,0.12556151306855654,0.8174749176037929,-0.08175307739214444,0.05962587842097037,0.027382326162003364,1.0407776072026236,0.9885683326814892,0.9844184226780514,0.5,36
DODGX,60,SPY,0.13284848124700863,0.14335096696754743,-0.010502485720538801,0.15483677193968473,0.6852467293838553,-0.18905974172216578,0.08751288258283806,-0.10144508086310824,0.8589167351273673,0.896837172897822,0.9209854872147663,0.5166666666666667,60
DODGX,60,IWF,0.13284848124700863,0.151379697233271,-0.018531215986262367,0.15483677193968473,0.6852467293838553,-0.18905974172216578,0.14776797715129106,-0.14536293360024152,0.531512076167635,0.4965079722870708,0.3938867415787844,0.5,60
DODGX,60,IWD,0.13284848124700863,0.11129392804752582,0.02155455319948281,0.15483677193968473,0.6852467293838553,-0.18905974172216578,0.040432643217652234,0.5085244948555746,1.0189748299826542,1.0318096155640701,0.9393497430297637,0.5666666666666667,60
DODGX,60,VIG,0.13284848124700863,0.11293169596129612,0.0199167852857125,0.15483677193968473,0.6852467293838553,-0.18905974172216578,0.07807720810543184,0.2630046780962356,0.981607480062455,1.0184594899022315,0.9237877672574364,0.5,60
DODGX,120,SPY,0.12783035066246487,0.14715491280849816,-0.019324562146033286,0.1734017442025834,0.6621788268280759,-0.2907454514580984,0.07942916294388479,-0.1696070682448592,1.024978156519807,0.9756921570000939,1.0583488967848584,0.5166666666666667,120
DODGX,120,IWF,0.12783035066246487,0.1791637623360172,-0.05133341167355232,0.1734017442025834,0.6621788268280759,-0.2907454514580984,0.12511926970493673,-0.3584917550230009,0.7431671483184127,0.6504057982016376,0.7272468158196267,0.43333333333333335,120
DODGX,120,IWD,0.12783035066246487,0.10338039266777126,0.024449957994693614,0.1734017442025834,0.6621788268280759,-0.2907454514580984,0.045282608649823725,0.5569953561022875,1.0910852843328853,1.1063043455880444,0.9978234465795457,0.5583333333333333,120
DODGX,120,VIG,0.12783035066246487,0.1309456567843459,-0.0031153061218810174,0.1734017442025834,0.6621788268280759,-0.2907454514580984,0.08686913416844307,0.03833035422877803,1.1281696496911582,1.0414406194726948,1.0701000455860574,0.5,120
PRDGX,36,SPY,0.13967433353410483,0.22870055421704608,-0.08902622068294125,0.10655195039036158,0.8446195675856418,-0.07329516556976634,0.05478608249349951,-1.4174740263275383,0.7913464461852857,0.6899420133189501,0.9617439540858125,0.2777777777777778,36
PRDGX,36,IWF,0.13967433353410483,0.30961192266817855,-0.16993758913407372,0.10655195039036158,0.8446195675856418,-0.07329516556976634,0.11036822677166,-1.327423411068727,0.4804720524072276,0.4047633468470843,0.47473785606327173,0.3611111111111111,36
PRDGX,36,IWD,0.13967433353410483,0.13714551039400968,0.0025288231400951433,0.10655195039036158,0.8446195675856418,-0.07329516556976634,0.04157677211611463,0.000369598681435358,0.8013188064212344,0.8423060684532265,0.749957361227872,0.5,36
PRDGX,36,VIG,0.13967433353410483,0.15216391509125377,-0.012489581557148938,0.10655195039036158,0.8446195675856418,-0.07329516556976634,0.022085377292742913,-0.49740160986658233,0.9817190204171405,0.943980762572431,0.994653062811367,0.4444444444444444,36
PRDGX,60,SPY,0.10866013122327868,0.14335096696754743,-0.03469083574426875,0.1343900811496751,0.6066994294791627,-0.18946214437883335,0.052286943837236075,-0.6421728710074943,0.8358500420853737,0.8013255254412044,0.9090394305351706,0.4166666666666667,60
PRDGX,60,IWF,0.10866013122327868,0.151379697233271,-0.04271956600999231,0.1343900811496751,0.6066994294791627,-0.18946214437883335,0.11176729572375874,-0.4131753545778455,0.5816049823488151,0.5489064991396033,0.594624210269811,0.4666666666666667,60
PRDGX,60,IWD,0.10866013122327868,0.11129392804752582,-0.0026337968242471366,0.1343900811496751,0.6066994294791627,-0.18946214437883335,0.046914537122257176,-0.08821393486775184,0.8669620957764399,0.8904328070598946,0.8895781903494322,0.5333333333333333,60
PRDGX,60,VIG,0.10866013122327868,0.11293169596129612,-0.004271564738017444,0.1343900811496751,0.6066994294791627,-0.18946214437883335,0.022187168981471498,-0.1877136469750581,0.9716783718380753,0.9661602567514826,0.9819264096138771,0.48333333333333334,60
PRDGX,120,SPY,0.1266447625873919,0.14715491280849816,-0.02051015022110625,0.1329269960893049,0.8090984410334121,-0.18946214437883324,0.04458276548434486,-0.4662126531022475,0.8461278046949448,0.8351790843412015,0.8821857714973291,0.43333333333333335,120
PRDGX,120,IWF,0.1266447625873919,0.1791637623360172,-0.052518999748625284,0.1329269960893049,0.8090984410334121,-0.18946214437883324,0.09012990555974039,-0.5788037630659361,0.6607617497192514,0.616855157685432,0.6818632670805685,0.43333333333333335,120
PRDGX,120,IWD,0.1266447625873919,0.10338039266777126,0.02326436991962065,0.1329269960893049,0.8090984410334121,-0.18946214437883324,0.048675956657792396,0.3679208800562092,0.8226881216807022,0.9177780045482448,0.7993613325124621,0.5666666666666667,120
PRDGX,120,VIG,0.1266447625873919,0.1309456567843459,-0.0043008941969539805,0.1329269960893049,0.8090984410334121,-0.18946214437883324,0.025483033353112867,-0.1563227257765191,0.9739514752691525,0.9630057520581611,0.9745946050712062,0.49166666666666664,120
