date,Mkt-RF,SMB,HML,RMW,CMA,RF
2016-01-31,-0.0574,-0.0344,0.0208,0.0278,0.0305,0.0001
2016-02-29,-0.0007,0.0087,-0.0061,0.033,0.0197,0.0002
2016-03-31,0.0695,0.0101,0.0123,0.0068,0.0006,0.0002
2016-04-30,0.0091,0.0123,0.0322,-0.0285,0.0174,0.0001
2016-05-31,0.0178,-0.0062,-0.0162,-0.011,-0.0254,0.0001
2016-06-30,-0.0003,0.0042,-0.0149,0.0145,0.019,0.0002
2016-07-31,0.0394,0.0249,-0.0127,0.0134,-0.0118,0.0002
2016-08-31,0.0049,0.0168,0.0317,-0.0184,-0.0039,0.0002
2016-09-30,0.0027,0.0181,-0.0122,-0.0222,0.0002,0.0002
2016-10-31,-0.0201,-0.0404,0.041,0.0096,0.0028,0.0002
2016-11-30,0.0485,0.0697,0.0832,-0.0017,0.037,0.0001
2016-12-31,0.0181,0.0044,0.035,0.0126,-0.0032,0.0003
2017-01-31,0.0194,-0.0144,-0.0274,-0.005,-0.0107,0.0004
2017-02-28,0.0355,-0.0229,-0.0152,0.0042,-0.0181,0.0004
2017-03-31,0.0017,0.0075,-0.0333,0.0064,-0.0096,0.0003
2017-04-30,0.0108,0.0042,-0.0208,0.0178,-0.0161,0.0005
2017-05-31,0.0107,-0.0299,-0.0382,0.0099,-0.0167,0.0006
2017-06-30,0.0078,0.0254,0.0151,-0.0227,0.0001,0.0006
2017-07-31,0.0188,-0.0164,-0.0023,-0.0075,-0.0015,0.0007
2017-08-31,0.0018,-0.0183,-0.0213,0.002,-0.0238,0.0009
2017-09-30,0.0249,0.0476,0.0315,-0.0154,0.0164,0.0009
2017-10-31,0.0225,-0.0191,0.0013,0.0092,-0.0314,0.0009
2017-11-30,0.0312,-0.0037,-0.0009,0.0319,-0.001,0.0008
2017-12-31,0.0106,-0.0105,0.0005,0.0073,0.0179,0.0009
2018-01-31,0.0558,-0.0321,-0.0132,-0.0075,-0.0105,0.0011
2018-02-28,-0.0364,0.0034,-0.011,0.0053,-0.0236,0.0011
2018-03-31,-0.0235,0.0361,-0.0021,-0.0042,0.0008,0.0012
2018-04-30,0.0029,0.0089,0.0053,-0.0241,0.0124,0.0014
2018-05-31,0.0263,0.0471,-0.0314,-0.0198,-0.0149,0.0014
2018-06-30,0.0049,0.0077,-0.0233,0.0083,0.002,0.0014
2018-07-31,0.032,-0.0191,0.0047,0.0154,0.0032,0.0016
2018-08-31,0.0346,0.0067,-0.0393,-0.0034,-0.0254,0.0016
2018-09-30,0.0006,-0.0249,-0.0168,0.0064,0.0137,0.0015
2018-10-31,-0.0764,-0.0436,0.0343,0.0094,0.0356,0.0019
2018-11-30,0.0171,-0.0081,0.0034,-0.0062,0.0039,0.0018
2018-12-31,-0.0955,-0.0283,-0.0188,-0.0004,0.0022,0.0019
2019-01-31,0.0836,0.0288,-0.004,-0.0067,-0.0161,0.0021
2019-02-28,0.0342,0.0173,-0.0266,0.0015,-0.015,0.0018
2019-03-31,0.011,-0.0354,-0.0416,0.0094,-0.0091,0.0019
2019-04-30,0.0397,-0.0111,0.0213,0.0157,-0.0219,0.0021
2019-05-31,-0.0692,-0.0151,-0.0236,-0.0051,0.0175,0.0021
2019-06-30,0.0699,0.0019,-0.0072,0.0049,-0.0051,0.0018
2019-07-31,0.0122,-0.0182,0.005,-0.0013,0.0037,0.0019
2019-08-31,-0.0255,-0.0325,-0.0477,0.0053,-0.0062,0.0016
2019-09-30,0.0142,0.0029,0.0676,0.0182,0.0338,0.0018
2019-10-31,0.0207,0.0025,-0.0192,0.0043,-0.0103,0.0015
2019-11-30,0.0387,0.0039,-0.02,-0.0164,-0.0114,0.0012
2019-12-31,0.0276,0.0099,0.0173,0.0005,0.0119,0.0014
2020-01-31,-0.0009,-0.0437,-0.0622,-0.0119,-0.0219,0.0013
2020-02-29,-0.0815,0.0008,-0.0382,-0.0143,-0.0253,0.0012
2020-03-31,-0.1335,-0.0818,-0.1383,-0.0161,0.0119,0.0012
2020-04-30,0.1358,0.0257,-0.0134,0.0276,-0.0102,0
2020-05-31,0.0559,0.0192,-0.05,0.0096,-0.0316,0.0001
2020-06-30,0.0244,0.0195,-0.0217,0.0014,0.0055,0.0001
2020-07-31,0.0583,-0.0319,-0.0144,0.0038,0.0097,0.0001
2020-08-31,0.0762,-0.0089,-0.0302,0.0427,-0.0151,0.0001
2020-09-30,-0.0364,-0.0001,-0.0272,-0.0138,-0.0193,0.0001
2020-10-31,-0.0208,0.0467,0.0425,-0.0077,-0.0057,0.0001
2020-11-30,0.1244,0.0712,0.0209,-0.0225,0.0128,0.0001
2020-12-31,0.0463,0.0493,-0.0168,-0.0197,-0.0006,0.0001
2021-01-31,-0.0007,0.0681,0.0322,-0.0365,0.0497,0
2021-02-28,0.0281,0.045,0.072,0.0033,-0.0199,0
2021-03-31,0.0316,-0.0084,0.0735,0.0635,0.0352,0
2021-04-30,0.0497,-0.0316,-0.0102,0.0243,-0.0272,0
2021-05-31,0.0029,0.0127,0.0704,0.0234,0.0301,0
2021-06-30,0.0273,-0.003,-0.0786,-0.0214,-0.0093,0
2021-07-31,0.0134,-0.0455,-0.018,0.055,-0.0058,0
2021-08-31,0.0295,-0.0066,-0.0023,-0.0026,-0.0172,0
2021-09-30,-0.044,0.0112,0.0512,-0.0192,0.02,0
2021-10-31,0.0663,-0.027,-0.0053,0.0171,-0.0154,0
2021-11-30,-0.0158,-0.017,-0.0037,0.0719,0.017,0
2021-12-31,0.0324,-0.0078,0.0325,0.0488,0.0429,0.0001
2022-01-31,-0.0615,-0.0401,0.1286,0.0077,0.0773,0
2022-02-28,-0.0228,0.0286,0.0306,-0.0203,0.0303,0
2022-03-31,0.0308,-0.0211,-0.019,-0.015,0.0321,0
2022-04-30,-0.0941,-0.0035,0.0618,0.0341,0.0592,0
2022-05-31,-0.0033,-0.0003,0.0844,0.0155,0.0395,0.0003
2022-06-30,-0.084,0.0133,-0.06,0.0176,-0.0458,0.0006
2022-07-31,0.0957,0.0181,-0.0413,0.008,-0.0685,0.0008
2022-08-31,-0.0377,0.0149,0.0018,-0.0474,0.0134,0.0019
2022-09-30,-0.0934,-0.0098,0.0003,-0.0134,-0.0076,0.0019
2022-10-31,0.0786,0.0182,0.0797,0.0328,0.0642,0.0023
2022-11-30,0.0469,-0.0275,0.0148,0.0629,0.0316,0.0029
2022-12-31,-0.0638,-0.002,0.0134,0.0035,0.0429,0.0033
2023-01-31,0.066,0.044,-0.0394,-0.0244,-0.0441,0.0035
2023-02-28,-0.0257,0.0058,-0.008,0.0099,-0.015,0.0034
2023-03-31,0.0249,-0.0689,-0.0905,0.0227,-0.021,0.0036
2023-04-30,0.0063,-0.0257,-0.0012,0.0241,0.0285,0.0035
2023-05-31,0.0033,-0.0043,-0.0779,-0.0178,-0.0706,0.0036
2023-06-30,0.0646,0.0127,-0.0013,0.0231,-0.0155,0.004
2023-07-31,0.0321,0.0288,0.0406,-0.0061,0.005,0.0045
2023-08-31,-0.0236,-0.0366,-0.0115,0.0333,-0.0222,0.0045
2023-09-30,-0.0523,-0.0176,0.015,0.0186,-0.0086,0.0043
2023-10-31,-0.0315,-0.0403,0.0022,0.0242,-0.0072,0.0047
2023-11-30,0.0888,-0.0018,0.0166,-0.0372,-0.0122,0.0044
2023-12-31,0.0485,0.0725,0.0487,-0.0296,0.0119,0.0043
2024-01-31,0.0073,-0.0569,-0.0237,0.0066,-0.0101,0.0047
2024-02-29,0.0507,-0.0083,-0.0343,-0.0202,-0.0228,0.0042
2024-03-31,0.0284,-0.012,0.0416,0.0133,0.0104,0.0043
2024-04-30,-0.0465,-0.0258,-0.0045,0.0116,-0.0038,0.0047
2024-05-31,0.0432,0.0058,-0.0133,0.032,-0.0298,0.0044
2024-06-30,0.028,-0.0433,-0.0336,0.0055,-0.0169,0.0041
2024-07-31,0.0122,0.0833,0.0557,0.0026,0.0027,0.0045
2024-08-31,0.0161,-0.0357,-0.0113,0.0075,0.0079,0.0048
2024-09-30,0.0173,-0.0091,-0.0273,0.0019,-0.0025,0.004
2024-10-31,-0.01,-0.0086,0.0091,-0.0149,0.0102,0.0039
2024-11-30,0.0649,0.0463,0.0038,-0.0227,-0.0193,0.004
2024-12-31,-0.0316,-0.0382,-0.0297,0.0188,-0.012,0.0037
2025-01-31,0.028,-0.0123,0.0176,-0.0235,-0.0322,0.0037
2025-02-28,-0.0243,-0.0488,0.0484,0.0107,0.0309,0.0033
2025-03-31,-0.0639,-0.0147,0.0287,0.0209,-0.0046,0.0034
2025-04-30,-0.0084,-0.0183,-0.0329,-0.0283,-0.0259,0.0035
2025-05-31,0.0606,-0.0077,-0.0281,0.0129,0.0248,0.0038
2025-06-30,0.0486,-0.0008,-0.0143,-0.0319,0.0138,0.0034
2025-07-31,0.0198,-0.0012,-0.0134,-0.0025,-0.02,0.0034
2025-08-31,0.0184,0.0482,0.0437,-0.0069,0.0197,0.0038
2025-09-30,0.0339,-0.0217,-0.0105,-0.0201,-0.0227,0.0033
2025-10-31,0.0196,-0.0135,-0.0318,-0.0525,-0.0407,0.0037
2025-11-30,-0.0013,0.0148,0.0376,0.0143,0.0064,0.003
2025-12-31,-0.0036,-0.002,0.024,0.0032,0.004,0.0034
